Date_collected	Plot	Sex	Weight_in_g	Scale_calibrated	Species	Field_Season
2013-07-16	2	F	NA	TRUE	DM	2013
2013-07-16	7	M	33	TRUE	DM	2013
2013-07-16	3	M	NA	TRUE	DM	2013
2013-07-16	1	M	NA	TRUE	DM	2013
2013-07-18	3	M	40	TRUE	DM	2013
2013-07-18	7	M	48	TRUE	DM	2013
2013-07-18	4	F	29	TRUE	DM	2013
2013-07-18	6	F	37	TRUE	DM	2013
2013-08-19	8	F	52	TRUE	DO	2013
2013-10-17	3	F	33	TRUE	DO	2013
2013-10-17	3	F	50	TRUE	DO	2013
2013-12-10	9	F	40	TRUE	DO	2013
2013-12-10	1	M	45	TRUE	DO	2013
2013-12-11	8	F	41	TRUE	DO	2013
2013-11-12	9	F	117	TRUE	DS	2013
2013-11-13	11	F	126	TRUE	DS	2013
2013-11-13	17	M	132	FALSE	DS	2013
2013-11-13	14	F	113	FALSE	DS	2013
2013-11-13	11	F	122	TRUE	DS	2013
2013-11-13	4	F	107	TRUE	DS	2013
2013-11-13	4	F	115	TRUE	DS	2013
2014-01-09	1	M	40	TRUE	DM	2014
2014-01-10	1	F	36	TRUE	DM	2014
2014-01-11	1	F	51	TRUE	DM	2014
2014-01-12	1	F	44	TRUE	DM	2014
2014-01-13	1	F	146	TRUE	DS	2014
2014-01-14	2	NA	NA	TRUE	NA	2014
2014-01-15	2	M	44	TRUE	DM	2014
2014-01-16	2	F	7	TRUE	PF	2014
2014-01-17	2	M	45	TRUE	DM	2014
2014-01-18	2	NA	NA	TRUE	OT	2014
2014-01-19	2	M	157	FALSE	DS	2014
2014-01-20	2	NA	NA	TRUE	OX	2014
2014-01-21	2	M	218	FALSE	NA	2014
2014-01-22	2	F	7	TRUE	PF	2014
2014-01-23	2	M	52	TRUE	DM	2014
2014-01-24	3	M	8	TRUE	PF	2014
2014-01-25	3	F	NA	TRUE	NA	2014
2014-01-26	3	NA	NA	TRUE	NA	2014
2014-01-27	3	F	182	TRUE	NA	2014
2014-01-28	3	F	29	TRUE	OT	2014
2014-01-29	3	F	115	TRUE	NA	2014
2014-01-30	3	M	190	TRUE	NA	2014
2014-01-31	4	F	37	TRUE	DM	2014
2014-02-01	4	M	NA	TRUE	DM	2014
2014-02-02	4	F	48	TRUE	DM	2014
2014-02-03	4	M	52	TRUE	DO	2014
2014-02-04	4	M	35	TRUE	OL	2014